Chain1,Res1,ResName1,Atom1,Chain2,Res2,ResName2,Atom2,Distance,Type
A,0,M,CE,A,133,K,CB,4.42,HY
A,0,M,CE,A,133,K,CG,3.47,HY
A,0,M,CE,A,136,E,CB,4.3,HY
A,0,M,CG,A,137,L,CB,4.3,HY
A,0,M,CG,A,137,L,CD1,3.55,HY
A,0,M,SD,A,137,L,N,3.9,HB
A,0,M,CE,A,137,L,CB,4.2,HY
A,0,M,CG,A,140,K,CD,4.45,HY
A,0,M,SD,A,140,K,NZ,3.88,HB
A,1,V,O,A,133,K,NZ,3.43,HB
A,2,L,CB,A,6,E,CB,4.23,HY
A,2,L,CG,A,6,E,CB,4.32,HY
A,2,L,CD2,A,6,E,CB,4.08,HY
A,2,L,O,A,7,W,NE1,3.73,HB
A,2,L,CB,A,7,W,CG,4.45,HY
A,2,L,CB,A,7,W,CD2,4.35,HY
A,2,L,CB,A,7,W,CZ2,4.12,HY
A,2,L,CG,A,7,W,CZ2,4.32,HY
A,2,L,CD1,A,7,W,CZ2,4.16,HY
A,2,L,CD2,A,7,W,CD2,4.01,HY
A,2,L,CD2,A,7,W,CE3,4.19,HY
A,2,L,CD2,A,7,W,CZ2,3.98,HY
A,2,L,CD2,A,7,W,CZ3,4.24,HY
A,2,L,CD2,A,7,W,CH2,4.14,HY
A,2,L,CG,A,133,K,CB,4.33,HY
A,2,L,CG,A,133,K,CG,4.08,HY
A,2,L,CG,A,133,K,CD,4.01,HY
A,2,L,CD1,A,133,K,CB,4.4,HY
A,2,L,CD1,A,133,K,CG,3.98,HY
A,2,L,CD1,A,133,K,CD,4.33,HY
A,2,L,CD2,A,133,K,CB,4.5,HY
A,2,L,CD2,A,134,A,CB,3.96,HY
A,2,L,CD1,A,137,L,CB,4.43,HY
A,2,L,CD1,A,137,L,CD2,4.15,HY
A,3,S,O,A,7,W,N,3.05,HB
A,4,E,O,A,8,Q,N,2.83,HB
A,4,E,CG,A,8,Q,CG,4.26,HY
A,4,E,OE2,A,8,Q,NE2,2.95,HB
A,4,E,OE1,A,79,K,NZ,2.86,SB
A,4,E,OE1,A,79,K,NZ,2.86,HB
A,4,E,OE2,A,79,K,NZ,3.14,SB
A,4,E,OE2,A,79,K,NZ,3.14,HB
A,5,G,O,A,9,L,N,3.16,HB
A,6,E,O,A,10,V,N,3.1,HB
A,6,E,CB,A,130,A,CB,3.98,HY
A,6,E,CG,A,130,A,CB,4.33,HY
A,6,E,OE1,A,133,K,NZ,2.88,SB
A,6,E,OE1,A,133,K,NZ,2.88,HB
A,6,E,OE2,A,133,K,NZ,3.11,SB
A,6,E,OE2,A,133,K,NZ,3.11,HB
A,7,W,CE3,A,10,V,CB,4.49,HY
A,7,W,CE3,A,10,V,CG1,4.48,HY
A,7,W,O,A,11,L,N,2.88,HB
A,7,W,CZ3,A,76,L,CD2,4.39,HY
A,7,W,CB,A,79,K,CG,4.22,HY
A,7,W,CG,A,79,K,CB,3.98,HY
A,7,W,CG,A,79,K,CG,3.91,HY
A,7,W,CD2,A,79,K,CB,3.8,HY
A,7,W,CD2,A,79,K,CG,3.88,HY
A,7,W,NE1,A,79,K,O,3.52,HB
A,7,W,CE3,A,79,K,CB,4.31,HY
A,7,W,CE3,A,79,K,CG,4.12,HY
A,7,W,CZ2,A,79,K,CB,4.33,HY
A,7,W,CZ3,A,134,A,CB,4.08,HY
A,7,W,CH2,A,134,A,CB,4.31,HY
A,7,W,CZ2,A,137,L,CD2,4.15,HY
A,7,W,CH2,A,137,L,CD2,4.34,HY
A,8,Q,O,A,12,H,N,2.92,HB
A,9,L,O,A,13,V,N,3.33,HB
A,9,L,CD1,A,126,D,CB,4.08,HY
A,9,L,CB,A,127,A,CB,4.34,HY
A,9,L,CD2,A,127,A,CB,4.39,HY
A,9,L,CB,A,130,A,CB,3.99,HY
A,9,L,CD1,A,130,A,CB,4.28,HY
A,10,V,O,A,14,W,N,3.03,HB
A,10,V,CG1,A,76,L,CD1,4.26,HY
A,10,V,CG1,A,76,L,CD2,4.33,HY
A,10,V,CG2,A,130,A,CB,3.86,HY
A,10,V,CG1,A,131,M,CE,4.11,HY
A,10,V,CG2,A,134,A,CB,4.07,HY
A,11,L,O,A,15,A,N,3.07,HB
A,11,L,CD2,A,76,L,CB,4.47,HY
A,11,L,CD2,A,77,K,CG,4.13,HY
A,11,L,CD1,A,79,K,CG,4.13,HY
A,11,L,CD1,A,79,K,CD,4.18,HY
A,12,H,ND1,A,16,K,NZ,5.23,RE
A,12,H,NE2,A,16,K,NZ,5.12,RE
A,12,H,NE2,A,122,N,ND2,2.9,HB
A,13,V,O,A,17,V,N,3.24,HB
A,13,V,CG1,A,115,L,CD1,4.28,HY
A,13,V,CG2,A,115,L,CD1,4.45,HY
A,13,V,CG2,A,119,H,CB,4.12,HY
A,13,V,CG2,A,122,N,CB,4.35,HY
A,13,V,CB,A,123,F,CD1,4.47,HY
A,13,V,CG1,A,123,F,CD1,4.33,HY
A,13,V,CG1,A,123,F,CE1,4.47,HY
A,13,V,CG2,A,123,F,CD1,4.07,HY
A,13,V,CG1,A,131,M,CE,3.68,HY
A,14,W,CD2,A,17,V,CB,4.42,HY
A,14,W,CE3,A,17,V,CB,4.42,HY
A,14,W,CE3,A,17,V,CG2,4.26,HY
A,14,W,CZ2,A,17,V,CG1,4.43,HY
A,14,W,CZ3,A,17,V,CG1,4.41,HY
A,14,W,CH2,A,17,V,CG1,4.35,HY
A,14,W,O,A,18,E,N,2.97,HB
A,14,W,NE1,A,18,E,OE2,3.35,HB
A,14,W,CZ2,A,69,L,CB,4.49,HY
A,14,W,CH2,A,69,L,CD2,4.0,HY
A,14,W,CZ3,A,72,L,CD2,4.28,HY
A,14,W,CH2,A,72,L,CG,4.28,HY
A,14,W,CH2,A,72,L,CD2,3.98,HY
A,14,W,CD2,A,76,L,CD1,4.01,HY
A,14,W,CE3,A,76,L,CD1,3.8,HY
A,14,W,CZ3,A,76,L,CD1,4.05,HY
A,14,W,CH2,A,76,L,CD1,4.48,HY
A,14,W,CE3,A,131,M,CE,4.39,HY
A,15,A,O,A,19,A,N,3.69,HB
A,17,V,O,A,21,V,N,3.46,HB
A,17,V,O,A,24,H,ND1,3.41,HB
A,17,V,CG1,A,24,H,CB,4.01,HY
A,17,V,CG1,A,69,L,CD1,4.12,HY
A,17,V,CG2,A,115,L,CD2,3.45,HY
A,18,E,CB,A,21,V,CG2,4.44,HY
A,18,E,CG,A,21,V,CG2,4.41,HY
A,18,E,OE1,A,77,K,NZ,3.44,SB
A,18,E,OE1,A,77,K,NZ,3.44,HB
A,18,E,OE2,A,77,K,NZ,2.73,SB
A,18,E,OE2,A,77,K,NZ,2.73,HB
A,20,D,O,A,24,H,N,3.15,HB
A,20,D,O,A,24,H,ND1,2.77,HB
A,20,D,OD1,A,24,H,ND1,5.32,AT
A,20,D,OD2,A,24,H,ND1,4.34,AT
A,20,D,OD2,A,24,H,NE2,5.96,AT
A,20,D,OD1,A,118,R,NH2,5.41,AT
A,20,D,OD2,A,118,R,NE,5.41,AT
A,20,D,OD2,A,118,R,CZ,4.21,AT
A,20,D,OD2,A,118,R,NH1,4.29,AT
A,20,D,OD2,A,118,R,NH2,3.28,SB
A,20,D,OD2,A,118,R,NH2,3.28,HB
A,21,V,O,A,25,G,N,2.96,HB
A,21,V,CG1,A,66,V,CB,4.46,HY
A,21,V,CG1,A,66,V,CG1,4.34,HY
A,21,V,CG1,A,66,V,CG2,4.28,HY
A,21,V,CG1,A,69,L,CB,3.99,HY
A,21,V,CG1,A,69,L,CD1,4.41,HY
A,22,A,O,A,26,Q,N,3.07,HB
A,22,A,CB,A,62,K,CG,4.03,HY
A,22,A,CB,A,62,K,CD,4.18,HY
A,22,A,CB,A,66,V,CG2,3.84,HY
A,23,G,O,A,27,D,N,3.22,HB
A,23,G,O,A,118,R,NH1,3.55,HB
A,24,H,O,A,28,I,N,3.02,HB
A,24,H,CB,A,69,L,CD1,3.69,HY
A,24,H,ND1,A,118,R,NE,4.19,RE
A,24,H,ND1,A,118,R,CZ,3.86,RE
A,24,H,ND1,A,118,R,NH1,4.23,RE
A,24,H,ND1,A,118,R,NH2,3.8,HB
A,24,H,ND1,A,118,R,NH2,3.8,RE
A,24,H,NE2,A,118,R,NE,3.46,HB
A,24,H,NE2,A,118,R,NE,3.46,RE
A,24,H,NE2,A,118,R,CZ,3.88,RE
A,24,H,NE2,A,118,R,NH1,4.6,RE
A,24,H,NE2,A,118,R,NH2,4.14,RE
A,24,H,ND1,A,119,H,NE2,4.77,RE
A,24,H,NE2,A,119,H,ND1,4.82,RE
A,24,H,NE2,A,119,H,NE2,2.7,HB
A,24,H,NE2,A,119,H,NE2,2.7,RE
A,25,G,O,A,29,L,N,3.09,HB
A,26,Q,O,A,30,I,N,2.89,HB
A,26,Q,NE2,A,56,K,O,3.18,HB
A,26,Q,CB,A,61,L,CD2,4.48,HY
A,26,Q,CG,A,61,L,CD2,3.96,HY
A,26,Q,CG,A,62,K,CB,4.25,HY
A,26,Q,CG,A,62,K,CG,4.36,HY
A,27,D,O,A,31,R,N,2.98,HB
A,27,D,CB,A,114,V,CG1,3.96,HY
A,27,D,CB,A,114,V,CG2,4.15,HY
A,27,D,OD1,A,118,R,CZ,5.51,AT
A,27,D,OD1,A,118,R,NH1,4.24,AT
A,27,D,OD2,A,118,R,NE,4.14,AT
A,27,D,OD2,A,118,R,CZ,3.89,SB
A,27,D,OD2,A,118,R,NH1,2.83,SB
A,27,D,OD2,A,118,R,NH1,2.83,HB
A,27,D,OD2,A,118,R,NH2,5.04,AT
A,28,I,O,A,32,L,N,2.89,HB
A,28,I,CD1,A,69,L,CD1,4.25,HY
A,28,I,CD1,A,69,L,CD2,3.91,HY
A,28,I,CG2,A,107,I,CG1,4.22,HY
A,28,I,CG2,A,110,A,CB,4.24,HY
A,28,I,CG1,A,111,I,CG1,4.36,HY
A,28,I,CG2,A,111,I,CG1,3.95,HY
A,28,I,CD1,A,111,I,CG1,3.94,HY
A,28,I,CG1,A,114,V,CB,3.8,HY
A,28,I,CG1,A,114,V,CG1,4.08,HY
A,28,I,CG1,A,114,V,CG2,3.73,HY
A,29,L,CD2,A,32,L,CD2,4.5,HY
A,29,L,O,A,33,F,N,2.84,HB
A,29,L,CB,A,33,F,CD2,4.38,HY
A,29,L,CB,A,33,F,CE2,3.95,HY
A,29,L,CB,A,33,F,CZ,4.45,HY
A,29,L,CB,A,61,L,CD2,4.22,HY
A,29,L,CD1,A,61,L,CG,4.39,HY
A,29,L,CD1,A,61,L,CD2,4.45,HY
A,29,L,CD1,A,64,H,CB,3.8,HY
A,29,L,CD2,A,107,I,CD1,4.35,HY
A,30,I,O,A,34,K,N,2.88,HB
A,30,I,CG2,A,34,K,CG,4.19,HY
A,30,I,CG2,A,34,K,CD,4.31,HY
A,30,I,CG2,A,52,E,CG,3.91,HY
A,30,I,CG1,A,55,M,CB,3.85,HY
A,30,I,CD1,A,55,M,CB,4.09,HY
A,30,I,CD1,A,56,K,CG,3.68,HY
A,30,I,CG1,A,61,L,CD2,4.35,HY
A,31,R,O,A,35,S,N,2.92,HB
A,31,R,O,A,35,S,OG,2.94,HB
A,31,R,NE,A,35,S,OG,3.85,HB
A,31,R,NH1,A,35,S,OG,3.5,HB
A,31,R,NH1,A,109,E,OE2,5.56,AT
A,31,R,CB,A,110,A,CB,4.19,HY
A,31,R,CG,A,110,A,CB,3.8,HY
A,31,R,NE,A,113,H,ND1,4.39,RE
A,31,R,NE,A,113,H,NE2,3.83,HB
A,31,R,NE,A,113,H,NE2,3.83,RE
A,31,R,CZ,A,113,H,ND1,3.7,RE
A,31,R,CZ,A,113,H,NE2,3.52,RE
A,31,R,NH1,A,113,H,ND1,3.81,HB
A,31,R,NH1,A,113,H,ND1,3.81,RE
A,31,R,NH1,A,113,H,NE2,4.34,RE
A,31,R,NH2,A,113,H,ND1,3.48,HB
A,31,R,NH2,A,113,H,ND1,3.48,RE
A,31,R,NH2,A,113,H,NE2,2.93,HB
A,31,R,NH2,A,113,H,NE2,2.93,RE
A,31,R,CB,A,114,V,CG2,4.48,HY
A,32,L,CG,A,33,F,CD1,4.32,HY
A,32,L,CD2,A,33,F,CD1,4.29,HY
A,32,L,CD2,A,33,F,CE1,4.07,HY
A,32,L,O,A,36,H,N,2.84,HB
A,32,L,CG,A,39,T,CG2,4.48,HY
A,32,L,CD1,A,39,T,CG2,4.23,HY
A,32,L,CD1,A,106,F,CB,3.65,HY
A,32,L,CD1,A,107,I,CB,4.36,HY
A,32,L,CD2,A,107,I,CB,4.46,HY
A,32,L,CD2,A,107,I,CG1,4.41,HY
A,32,L,CB,A,110,A,CB,4.29,HY
A,33,F,CG,A,40,L,CB,4.38,HY
A,33,F,CG,A,40,L,CD1,3.9,HY
A,33,F,CD1,A,40,L,CB,3.99,HY
A,33,F,CD1,A,40,L,CD1,3.98,HY
A,33,F,CD2,A,40,L,CD1,3.84,HY
A,33,F,CE1,A,40,L,CB,4.39,HY
A,33,F,CE1,A,40,L,CD1,4.01,HY
A,33,F,CE2,A,40,L,CD1,3.88,HY
A,33,F,CZ,A,40,L,CD1,3.96,HY
A,33,F,CE1,A,43,F,CD2,3.8,HY
A,33,F,CE1,A,43,F,CE2,3.76,HY
A,33,F,CZ,A,43,F,CG,4.45,HY
A,33,F,CZ,A,43,F,CD2,3.79,HY
A,33,F,CZ,A,43,F,CE2,3.89,HY
A,33,F,CE2,A,46,V,CG1,4.35,HY
A,33,F,CB,A,55,M,CE,4.27,HY
A,33,F,CD2,A,61,L,CD1,4.07,HY
A,33,F,CE2,A,61,L,CG,4.41,HY
A,33,F,CE2,A,61,L,CD1,3.87,HY
A,34,K,CD,A,52,E,CB,4.48,HY
A,34,K,NZ,A,52,E,OE1,2.69,SB
A,34,K,NZ,A,52,E,OE1,2.69,HB
A,34,K,NZ,A,52,E,OE2,3.99,AT
A,36,H,ND1,A,38,E,OE1,4.79,AT
A,36,H,ND1,A,38,E,OE2,4.05,AT
A,36,H,CB,A,39,T,CG2,3.99,HY
A,36,H,RNG,A,106,F,RNG,3.62,AS
A,36,H,CB,A,106,F,CG,4.49,HY
A,36,H,CB,A,106,F,CD2,3.82,HY
A,36,H,CB,A,106,F,CE2,4.14,HY
A,36,H,ND1,A,109,E,OE1,5.3,AT
A,36,H,NE2,A,109,E,OE1,3.21,SB
A,36,H,NE2,A,109,E,OE1,3.21,HB
A,36,H,NE2,A,109,E,OE2,4.83,AT
A,38,E,CG,A,39,T,CG2,4.41,HY
A,38,E,CG,A,103,Y,CE1,4.11,HY
A,39,T,CG2,A,103,Y,CG,3.97,HY
A,39,T,CG2,A,103,Y,CD1,4.11,HY
A,39,T,CG2,A,103,Y,CD2,3.97,HY
A,39,T,CG2,A,103,Y,CE1,4.26,HY
A,39,T,CG2,A,103,Y,CE2,4.13,HY
A,39,T,CG2,A,106,F,CD2,4.16,HY
A,40,L,CD1,A,46,V,CG1,3.49,HY
A,40,L,CD2,A,55,M,CE,4.33,HY
A,42,K,CB,A,43,F,CD2,4.23,HY
A,42,K,CB,A,43,F,CE2,4.41,HY
A,42,K,NZ,A,97,H,O,3.46,HB
A,42,K,NZ,A,98,K,O,2.9,HB
A,42,K,CB,A,99,I,CD1,4.33,HY
A,42,K,CG,A,99,I,CD1,4.06,HY
A,42,K,CD,A,99,I,CD1,3.85,HY
A,42,K,CG,A,103,Y,CD2,4.48,HY
A,42,K,CG,A,103,Y,CE2,4.04,HY
A,43,F,CB,A,46,V,CB,4.49,HY
A,43,F,CB,A,46,V,CG1,3.76,HY
A,43,F,O,A,47,K,N,2.79,HB
A,44,D,OD1,A,47,K,NZ,3.13,SB
A,44,D,OD2,A,47,K,NZ,4.97,AT
A,45,R,NE,A,60,D,OD1,4.85,AT
A,45,R,NE,A,60,D,OD2,4.97,AT
A,45,R,CZ,A,60,D,OD1,4.89,AT
A,45,R,CZ,A,60,D,OD2,5.44,AT
A,45,R,NH1,A,60,D,OD1,4.03,AT
A,45,R,NH1,A,60,D,OD2,4.86,AT
A,45,R,NH1,A,63,K,NZ,5.92,RE
A,45,R,NE,A,64,H,NE2,4.21,RE
A,45,R,CZ,A,64,H,ND1,5.39,RE
A,45,R,CZ,A,64,H,NE2,3.28,RE
A,45,R,NH1,A,64,H,ND1,4.63,RE
A,45,R,NH1,A,64,H,NE2,2.66,HB
A,45,R,NH1,A,64,H,NE2,2.66,RE
A,45,R,NH2,A,64,H,ND1,5.77,RE
A,45,R,NH2,A,64,H,NE2,3.58,HB
A,45,R,NH2,A,64,H,NE2,3.58,RE
A,46,V,CB,A,49,L,CD1,4.22,HY
A,46,V,CG1,A,49,L,CD1,4.47,HY
A,46,V,CG2,A,49,L,CG,3.97,HY
A,46,V,CG2,A,49,L,CD1,3.28,HY
A,46,V,CG2,A,60,D,CB,4.45,HY
A,46,V,CG2,A,61,L,CB,4.03,HY
A,49,L,CB,A,54,E,CB,4.38,HY
A,49,L,CD2,A,54,E,CB,4.23,HY
A,49,L,CB,A,55,M,CG,4.12,HY
A,49,L,CD1,A,55,M,CB,4.47,HY
A,49,L,CD1,A,55,M,CG,3.89,HY
A,49,L,CD1,A,61,L,CD1,4.04,HY
A,50,K,CB,A,51,T,CG2,4.35,HY
A,50,K,N,A,54,E,OE1,2.78,HB
A,51,T,O,A,55,M,N,2.94,HB
A,52,E,O,A,56,K,N,2.79,HB
A,52,E,CG,A,56,K,CG,4.24,HY
A,52,E,CG,A,56,K,CD,4.27,HY
A,52,E,OE1,A,56,K,NZ,5.06,AT
A,52,E,OE2,A,56,K,NZ,3.27,SB
A,52,E,OE2,A,56,K,NZ,3.27,HB
A,53,A,O,A,57,A,N,3.2,HB
A,54,E,O,A,58,S,N,3.05,HB
A,55,M,CB,A,61,L,CD1,3.87,HY
A,55,M,CG,A,61,L,CD1,3.89,HY
A,58,S,O,A,62,K,N,3.38,HB
A,59,E,OE1,A,62,K,NZ,4.19,AT
A,59,E,OE2,A,62,K,NZ,3.18,SB
A,59,E,O,A,63,K,N,3.11,HB
A,60,D,OD1,A,63,K,NZ,3.65,SB
A,60,D,OD2,A,63,K,NZ,5.78,AT
A,60,D,O,A,64,H,N,2.99,HB
A,60,D,O,A,64,H,ND1,3.7,HB
A,60,D,OD1,A,64,H,NE2,5.8,AT
A,61,L,O,A,65,G,N,2.95,HB
A,62,K,O,A,66,V,N,3.09,HB
A,63,K,O,A,67,T,N,3.02,HB
A,63,K,O,A,67,T,OG1,3.1,HB
A,64,H,O,A,68,V,N,3.06,HB
A,65,G,O,A,69,L,N,3.14,HB
A,66,V,O,A,70,T,N,2.9,HB
A,66,V,O,A,70,T,OG1,2.73,HB
A,67,T,O,A,71,A,N,3.09,HB
A,68,V,O,A,72,L,N,2.93,HB
A,68,V,CG1,A,107,I,CD1,4.12,HY
A,69,L,O,A,73,G,N,2.83,HB
A,70,T,O,A,74,A,N,3.04,HB
A,71,A,O,A,75,I,N,3.17,HB
A,72,L,O,A,76,L,N,2.93,HB
A,72,L,CG,A,76,L,CG,4.34,HY
A,72,L,CG,A,76,L,CD1,4.18,HY
A,72,L,CD1,A,76,L,CG,4.3,HY
A,72,L,CD2,A,111,I,CD1,3.71,HY
A,72,L,CD1,A,135,L,CD2,4.27,HY
A,72,L,CD2,A,135,L,CD2,4.29,HY
A,73,G,O,A,77,K,N,3.01,HB
A,74,A,O,A,78,K,N,3.6,HB
A,75,I,CG2,A,82,H,CB,4.08,HY
A,75,I,CG1,A,85,E,CB,4.01,HY
A,75,I,CG1,A,86,L,CD1,4.34,HY
A,75,I,CG2,A,86,L,CD1,4.34,HY
A,75,I,CD1,A,86,L,CD1,3.98,HY
A,75,I,CD1,A,89,L,CD2,3.64,HY
A,75,I,CG2,A,138,F,CD1,4.29,HY
A,75,I,CD1,A,138,F,CD1,4.37,HY
A,75,I,CD1,A,138,F,CE1,3.89,HY
A,76,L,CD2,A,134,A,CB,4.04,HY
A,78,K,CB,A,82,H,CB,4.17,HY
A,78,K,CG,A,82,H,CB,4.43,HY
A,78,K,NZ,A,83,E,OE2,5.79,AT
A,78,K,NZ,A,85,E,OE1,3.14,SB
A,78,K,NZ,A,85,E,OE1,3.14,HB
A,78,K,NZ,A,85,E,OE2,3.05,SB
A,78,K,NZ,A,85,E,OE2,3.05,HB
A,82,H,NE2,A,83,E,OE1,5.56,AT
A,82,H,O,A,86,L,N,2.97,HB
A,82,H,CB,A,86,L,CD1,4.44,HY
A,82,H,ND1,A,141,D,OD2,4.63,AT
A,82,H,NE2,A,141,D,OD1,4.74,AT
A,82,H,NE2,A,141,D,OD2,2.61,SB
A,82,H,NE2,A,141,D,OD2,2.61,HB
A,83,E,O,A,87,K,N,3.33,HB
A,86,L,O,A,90,A,N,2.83,HB
A,86,L,CD1,A,138,F,CD1,4.02,HY
A,86,L,CD1,A,138,F,CE1,4.03,HY
A,86,L,CD2,A,141,D,CB,3.31,HY
A,86,L,CG,A,142,I,CG1,4.12,HY
A,86,L,CG,A,142,I,CD1,4.14,HY
A,86,L,CD2,A,142,I,CG1,4.39,HY
A,87,K,O,A,91,Q,N,3.11,HB
A,88,P,O,A,92,S,N,3.13,HB
A,88,P,O,A,92,S,OG,3.46,HB
A,89,L,O,A,93,H,N,3.14,HB
A,89,L,O,A,93,H,ND1,2.91,HB
A,89,L,CD2,A,138,F,CE1,3.97,HY
A,89,L,CD2,A,138,F,CZ,4.17,HY
A,89,L,CD2,A,142,I,CD1,4.43,HY
A,90,A,O,A,94,A,N,2.92,HB
A,90,A,CB,A,142,I,CD1,4.0,HY
A,90,A,CB,A,145,K,CB,3.69,HY
A,90,A,CB,A,145,K,CG,4.41,HY
A,90,A,CB,A,146,Y,CD1,4.42,HY
A,90,A,CB,A,149,L,CD1,3.97,HY
A,91,Q,O,A,95,T,N,2.91,HB
A,91,Q,O,A,95,T,OG1,3.19,HB
A,91,Q,O,A,96,K,N,3.78,HB
A,91,Q,CB,A,149,L,CD1,4.32,HY
A,92,S,O,A,96,K,N,3.04,HB
A,92,S,O,A,97,H,N,2.85,HB
A,92,S,OG,A,97,H,NE2,3.89,HB
A,93,H,ND1,A,97,H,NE2,4.65,RE
A,93,H,NE2,A,97,H,NE2,4.9,RE
A,93,H,O,A,98,K,N,2.82,HB
A,93,H,O,A,99,I,N,2.77,HB
A,93,H,CB,A,99,I,CB,4.24,HY
A,93,H,CB,A,99,I,CG1,4.01,HY
A,93,H,O,A,146,Y,OH,3.78,HB
A,93,H,CB,A,146,Y,CE1,4.35,HY
A,94,A,O,A,98,K,N,3.77,HB
A,94,A,CB,A,146,Y,CG,4.33,HY
A,94,A,CB,A,146,Y,CD1,3.74,HY
A,94,A,CB,A,146,Y,CE1,3.75,HY
A,94,A,CB,A,151,Y,CB,3.77,HY
A,94,A,CB,A,151,Y,CG,3.99,HY
A,94,A,CB,A,151,Y,CD2,3.69,HY
A,97,H,CB,A,99,I,CG1,3.76,HY
A,97,H,CB,A,99,I,CD1,3.65,HY
A,98,K,O,A,151,Y,OH,3.85,HB
A,98,K,CG,A,151,Y,CE1,3.99,HY
A,99,I,CG2,A,103,Y,CB,3.8,HY
A,99,I,CG2,A,103,Y,CG,4.46,HY
A,99,I,CG2,A,103,Y,CD2,4.25,HY
A,99,I,CG2,A,104,L,CD2,4.31,HY
A,99,I,O,A,146,Y,OH,2.67,HB
A,99,I,O,A,151,Y,OH,3.8,HB
A,100,P,CG,A,103,Y,CG,3.91,HY
A,100,P,CG,A,103,Y,CD1,3.87,HY
A,100,P,CG,A,103,Y,CD2,4.08,HY
A,100,P,CG,A,103,Y,CE1,4.01,HY
A,100,P,CG,A,103,Y,CE2,4.21,HY
A,100,P,O,A,104,L,N,3.64,HB
A,101,I,CD1,A,104,L,CD1,3.96,HY
A,101,I,O,A,105,E,N,3.06,HB
A,101,I,CD1,A,142,I,CG2,4.02,HY
A,101,I,CG1,A,143,A,CB,3.8,HY
A,101,I,CD1,A,143,A,CB,3.5,HY
A,101,I,CG1,A,146,Y,CD2,4.16,HY
A,101,I,CG1,A,146,Y,CE2,4.28,HY
A,101,I,CD1,A,146,Y,CD2,3.77,HY
A,101,I,CD1,A,146,Y,CE2,3.75,HY
A,102,K,CB,A,103,Y,CD1,4.49,HY
A,102,K,CG,A,103,Y,CD1,4.48,HY
A,102,K,NZ,A,105,E,OE1,4.92,AT
A,102,K,O,A,106,F,N,3.05,HB
A,102,K,CG,A,106,F,CE1,3.93,HY
A,102,K,CG,A,106,F,CE2,3.93,HY
A,102,K,CG,A,106,F,CZ,3.55,HY
A,102,K,CD,A,106,F,CE1,3.8,HY
A,102,K,CD,A,106,F,CZ,3.74,HY
A,103,Y,CD1,A,106,F,CD2,3.97,HY
A,103,Y,CD1,A,106,F,CE2,4.07,HY
A,103,Y,CE1,A,106,F,CE2,4.33,HY
A,103,Y,O,A,107,I,N,3.03,HB
A,104,L,O,A,108,S,N,3.06,HB
A,104,L,O,A,108,S,OG,2.81,HB
A,104,L,CB,A,139,R,CG,4.3,HY
A,104,L,CD1,A,142,I,CB,4.48,HY
A,104,L,CD1,A,142,I,CG2,3.71,HY
A,105,E,O,A,109,E,N,3.03,HB
A,105,E,OE1,A,139,R,NE,5.6,AT
A,105,E,OE2,A,139,R,NE,4.56,AT
A,105,E,OE2,A,139,R,CZ,5.33,AT
A,105,E,OE2,A,139,R,NH2,5.28,AT
A,106,F,O,A,110,A,N,3.13,HB
A,107,I,O,A,111,I,N,2.91,HB
A,107,I,CG1,A,111,I,CD1,4.39,HY
A,108,S,O,A,112,I,N,3.04,HB
A,108,S,OG,A,139,R,NH1,2.94,HB
A,109,E,O,A,113,H,N,2.98,HB
A,110,A,O,A,114,V,N,3.02,HB
A,111,I,O,A,115,L,N,2.99,HB
A,111,I,CG2,A,115,L,CG,4.27,HY
A,111,I,CG2,A,115,L,CD1,4.13,HY
A,111,I,CB,A,135,L,CD1,4.42,HY
A,111,I,CG2,A,135,L,CD1,4.3,HY
A,112,I,O,A,116,H,N,3.0,HB
A,112,I,CG2,A,123,F,CE2,3.98,HY
A,112,I,CG2,A,123,F,CZ,4.26,HY
A,112,I,CG2,A,128,Q,CG,4.0,HY
A,112,I,CG1,A,131,M,CG,4.41,HY
A,112,I,CD1,A,132,N,CB,4.24,HY
A,112,I,CG1,A,135,L,CD1,4.29,HY
A,112,I,CD1,A,135,L,CD1,4.46,HY
A,113,H,O,A,117,S,N,3.1,HB
A,113,H,O,A,117,S,OG,3.12,HB
A,113,H,NE2,A,117,S,OG,3.8,HB
A,114,V,O,A,118,R,N,2.93,HB
A,114,V,CG1,A,118,R,CG,4.41,HY
A,115,L,O,A,119,H,N,2.81,HB
A,115,L,CB,A,123,F,CG,4.15,HY
A,115,L,CB,A,123,F,CD1,4.08,HY
A,115,L,CB,A,123,F,CD2,4.1,HY
A,115,L,CB,A,123,F,CE1,3.97,HY
A,115,L,CB,A,123,F,CE2,3.99,HY
A,115,L,CB,A,123,F,CZ,3.92,HY
A,115,L,CD1,A,123,F,CD1,4.47,HY
A,115,L,CD1,A,123,F,CE1,3.88,HY
A,115,L,CD1,A,123,F,CZ,4.19,HY
A,115,L,CD1,A,131,M,CG,4.38,HY
A,115,L,CD1,A,131,M,CE,3.58,HY
A,116,H,CB,A,123,F,CD2,3.87,HY
A,116,H,CB,A,123,F,CE2,4.16,HY
A,118,R,NE,A,119,H,ND1,5.96,RE
A,118,R,NE,A,119,H,NE2,4.59,RE
A,118,R,CZ,A,119,H,NE2,5.5,RE
A,118,R,NH2,A,119,H,NE2,5.68,RE
A,119,H,O,A,123,F,N,2.95,HB
A,123,F,CD1,A,127,A,CB,4.27,HY
A,123,F,CD2,A,128,Q,CB,4.21,HY
A,123,F,CE1,A,128,Q,CB,4.47,HY
A,123,F,CE2,A,128,Q,CB,3.8,HY
A,123,F,CE2,A,128,Q,CG,3.88,HY
A,123,F,CZ,A,128,Q,CB,3.95,HY
A,123,F,CZ,A,128,Q,CG,4.07,HY
A,123,F,CE1,A,131,M,CB,3.86,HY
A,123,F,CE1,A,131,M,CG,4.13,HY
A,123,F,CZ,A,131,M,CB,4.08,HY
A,123,F,CZ,A,131,M,CG,4.18,HY
A,124,G,O,A,128,Q,N,2.92,HB
A,125,A,O,A,129,G,N,2.91,HB
A,126,D,O,A,130,A,N,3.03,HB
A,127,A,O,A,131,M,N,3.0,HB
A,128,Q,O,A,132,N,N,2.89,HB
A,129,G,O,A,133,K,N,3.03,HB
A,130,A,O,A,134,A,N,2.91,HB
A,131,M,O,A,135,L,N,2.91,HB
A,131,M,CG,A,135,L,CD1,4.27,HY
A,132,N,O,A,136,E,N,2.86,HB
A,132,N,ND2,A,136,E,OE2,2.88,HB
A,133,K,O,A,137,L,N,3.0,HB
A,134,A,O,A,138,F,N,3.05,HB
A,135,L,O,A,139,R,N,2.96,HB
A,135,L,O,A,139,R,NH1,3.58,HB
A,136,E,OE1,A,139,R,NH2,5.37,AT
A,136,E,OE2,A,139,R,CZ,5.6,AT
A,136,E,OE2,A,139,R,NH1,5.95,AT
A,136,E,OE2,A,139,R,NH2,4.45,AT
A,136,E,O,A,140,K,N,2.87,HB
A,137,L,O,A,141,D,N,3.04,HB
A,138,F,CD2,A,139,R,CG,4.31,HY
A,138,F,O,A,142,I,N,2.97,HB
A,138,F,CD1,A,142,I,CG1,4.18,HY
A,138,F,CE1,A,142,I,CG1,3.73,HY
A,138,F,CE1,A,142,I,CD1,4.31,HY
A,138,F,CE2,A,142,I,CG1,4.44,HY
A,138,F,CZ,A,142,I,CG1,3.88,HY
A,138,F,CZ,A,142,I,CD1,4.4,HY
A,139,R,O,A,143,A,N,2.99,HB
A,140,K,NZ,A,141,D,OD1,3.65,SB
A,140,K,NZ,A,141,D,OD2,4.72,AT
A,140,K,O,A,144,A,N,3.1,HB
A,141,D,O,A,145,K,N,3.06,HB
A,141,D,O,A,145,K,NZ,3.12,HB
A,141,D,OD1,A,145,K,NZ,4.17,AT
A,141,D,OD2,A,145,K,NZ,4.97,AT
A,142,I,O,A,146,Y,N,2.83,HB
A,142,I,CG2,A,146,Y,CD1,3.97,HY
A,142,I,CG2,A,146,Y,CE1,3.74,HY
A,143,A,O,A,147,K,N,3.15,HB
A,144,A,CB,A,145,K,CD,4.21,HY
A,144,A,O,A,148,E,N,3.18,HB
A,145,K,NZ,A,148,E,OE2,5.06,AT
A,145,K,O,A,149,L,N,2.95,HB
A,146,Y,O,A,150,G,N,3.04,HB
A,146,Y,RNG,A,151,Y,RNG,4.91,AS
A,146,Y,O,A,151,Y,N,2.85,HB
A,146,Y,CB,A,151,Y,CD2,4.41,HY
A,146,Y,CG,A,151,Y,CD2,3.76,HY
A,146,Y,CG,A,151,Y,CE2,4.47,HY
A,146,Y,CD1,A,151,Y,CD2,4.32,HY
A,146,Y,CD2,A,151,Y,CG,4.38,HY
A,146,Y,CD2,A,151,Y,CD2,3.25,HY
A,146,Y,CD2,A,151,Y,CE2,3.58,HY
A,146,Y,CE1,A,151,Y,CD2,4.44,HY
A,146,Y,CE2,A,151,Y,CD2,3.41,HY
A,146,Y,CE2,A,151,Y,CE2,3.3,HY
A,146,Y,O,A,152,Q,N,3.18,HB
A,146,Y,CB,A,152,Q,CB,4.26,HY
A,147,K,N,A,152,Q,OE1,3.89,HB
A,147,K,CB,A,152,Q,CB,4.02,HY
A,147,K,CB,A,152,Q,CG,4.31,HY
A,147,K,CG,A,152,Q,CB,4.31,HY